[
{
    "model": "accessories.accessorie",
    "pk": 2,
    "fields": {
        "title": "Alloy",
        "price": 14000,
        "discount_price": 4000,
        "category": "W",
        "label": "D",
        "slug": 1,
        "description": "Alloy wheels are a popular choice in part due to their pleasing aesthetics. The manufacturing process allows for creative and custom designs during painting and powder coating, so you can select a style that complements your vehicle.\r\n\r\nThey\u2019re quite light, which contributes to reducing fuel consumption and aiding the vehicle\u2019s performance",
        "accessories_photo": "photos/22/04/10/Alloy.png"
    }
},
{
    "model": "accessories.accessorie",
    "pk": 3,
    "fields": {
        "title": "Tail light",
        "price": 6000,
        "discount_price": 0,
        "category": "B",
        "label": "D",
        "slug": 1,
        "description": "Tail Lights are mounted to the rear of the car above the bumper. They are red in color and have accompanying white lights beside them to indicate when the vehicle is in reverse. When you're on the road, tail lights make other car's aware of your presence so that you can travel safely in the dark.",
        "accessories_photo": "photos/22/04/10/Tail_light.jpeg"
    }
},
{
    "model": "accessories.accessorie",
    "pk": 4,
    "fields": {
        "title": "Car Sticker",
        "price": 10000,
        "discount_price": 0,
        "category": "B",
        "label": "D",
        "slug": 0,
        "description": "They can be used for decoration or for functional purposes, depending on the situation. Stickers can come in many different shapes and sizes and also vary widely in color and design. They are often adhered to items such as lunchboxes, paper, lockers, notebooks, walls, cars, windows, and so on.",
        "accessories_photo": "photos/22/04/15/black-white-graphic-abstract-stripe-racing-background-kit-designs-wrap-_BJTOB8R.webp"
    }
},
{
    "model": "accessories.accessorie",
    "pk": 5,
    "fields": {
        "title": "Shock",
        "price": 12000,
        "discount_price": 3000,
        "category": "S",
        "label": "D",
        "slug": 0,
        "description": "As far as shocks, also referred to as the shock absorbers, are a key component of the suspension system. They control the impact and rebound movement of your vehicle's springs and suspension, they ensure that the vehicle's tires remain in contact with the road surface at all times .",
        "accessories_photo": "photos/22/04/10/Shock.jpeg"
    }
},
{
    "model": "accessories.accessorie",
    "pk": 6,
    "fields": {
        "title": "Car display",
        "price": 1500,
        "discount_price": 0,
        "category": "B",
        "label": "P",
        "slug": 0,
        "description": "A dashboard (also called dash, instrument panel (IP), or fascia) is a control panel set within the central console of a vehicle or small aircraft. Usually located directly ahead of the driver (or pilot), it displays instrumentation and controls for the vehicle's operation.Few stocks left hurry up!",
        "accessories_photo": "photos/22/04/15/tesla_model_3_electric_car___white_interior-wallpaper-1920x1080.jpg"
    }
},
{
    "model": "accessories.accessorie",
    "pk": 7,
    "fields": {
        "title": "Car steering",
        "price": 500,
        "discount_price": 0,
        "category": "B",
        "label": "P",
        "slug": 0,
        "description": "The steering system converts the rotation of the steering wheel into a swivelling movement of the road wheels in such a way that the steering-wheel rim turns a long way to move the road wheels a short way. The system allows a driver to use only light forces to steer a heavy car.",
        "accessories_photo": "photos/22/04/15/istockphoto-157278781-612x612.jpg"
    }
},
{
    "model": "accessories.order",
    "pk": 2,
    "fields": {
        "accessories": 3,
        "created": "2022-04-13T12:28:05.909"
    }
},
{
    "model": "accessories.order",
    "pk": 3,
    "fields": {
        "accessories": 6,
        "created": "2022-04-20T00:35:29.987"
    }
},
{
    "model": "accessories.order",
    "pk": 4,
    "fields": {
        "accessories": 2,
        "created": "2022-04-21T12:57:44.324"
    }
},
{
    "model": "accessories.order",
    "pk": 5,
    "fields": {
        "accessories": 6,
        "created": "2022-04-28T19:55:03.994"
    }
},
{
    "model": "accessories.order",
    "pk": 6,
    "fields": {
        "accessories": 2,
        "created": "2022-04-28T19:55:14.137"
    }
},
{
    "model": "accessories.order",
    "pk": 7,
    "fields": {
        "accessories": 3,
        "created": "2022-04-28T19:55:24.292"
    }
},
{
    "model": "accessories.order",
    "pk": 8,
    "fields": {
        "accessories": 5,
        "created": "2022-04-28T19:55:32.896"
    }
},
{
    "model": "cars.car",
    "pk": 1,
    "fields": {
        "car_title": "2017 Ferrari 488 GTB",
        "state": "TX",
        "city": "Austin",
        "color": "White",
        "model": "488 GTB",
        "year": 2017,
        "conditions": "Good",
        "price": 40000,
        "description": "<p>The 488 GTB is powered by a 3,902&nbsp;cc (3.9&nbsp;L; 238.1&nbsp;cu&nbsp;in) (488 cc per cylinder, thus the name) all-<a href=\"https://en.wikipedia.org/wiki/Aluminium_alloy\" title=\"Aluminium alloy\">aluminum</a>&nbsp;<a href=\"https://en.wikipedia.org/wiki/Dry_sump\" title=\"Dry sump\">dry sump</a>&nbsp;unit of the&nbsp;<a href=\"https://en.wikipedia.org/wiki/Ferrari_F154_engine\" title=\"Ferrari F154 engine\">Ferrari F154</a>&nbsp;<a href=\"https://en.wikipedia.org/wiki/V8_engine\" title=\"V8 engine\">V8 engine</a>&nbsp;family.<a href=\"https://en.wikipedia.org/wiki/Ferrari_488#cite_note-Specifications-3\">[3]</a>&nbsp;Turbocharged with two parallel ball-bearing&nbsp;<a href=\"https://en.wikipedia.org/wiki/Turbocharger#Twin-scroll\" title=\"Turbocharger\">twin-scroll</a>&nbsp;turbochargers supplied by&nbsp;<a href=\"https://en.wikipedia.org/wiki/IHI_Corporation\" title=\"IHI Corporation\">IHI</a>/<a href=\"https://en.wikipedia.org/wiki/Honeywell_Turbo_Technologies\" title=\"Honeywell Turbo Technologies\">Honeywell</a>&nbsp;and two air-to-air&nbsp;<a href=\"https://en.wikipedia.org/wiki/Intercooler\" title=\"Intercooler\">intercoolers</a>, the turbine wheels are made of low-density&nbsp;<a href=\"https://en.wikipedia.org/wiki/Titanium_aluminide\" title=\"Titanium aluminide\">TiAl</a>&nbsp;alloy often used in jet engines to reduce inertia and resist high temperatures within the turbocharger. The engine generates a power output of 670&nbsp;PS (493&nbsp;kW; 661&nbsp;hp) at 8,000&nbsp;rpm and 760&nbsp;N&sdot;m (561&nbsp;lb&sdot;ft) of torque at 3,000&nbsp;rpm.<a href=\"https://en.wikipedia.org/wiki/Ferrari_488#cite_note-Powertrain-9\">[9]</a>&nbsp;This results in a specific power output of 126.3&nbsp;kW (171.7&nbsp;PS; 169.4&nbsp;hp) per litre and specific torque output of 194.8&nbsp;N&sdot;m (144&nbsp;lb&sdot;ft) per litre, both records for a Ferrari automobile.</p>",
        "car_photo": "photos/22/02/17/1902537082.jpg",
        "car_photo_1": "photos/22/02/17/1902536891.jpg",
        "car_photo_2": "photos/22/02/17/1902536917.jpg",
        "car_photo_3": "photos/22/02/17/1902537077.jpg",
        "car_photo_4": "photos/22/02/17/1902537077_K8EwQwz.jpg",
        "features": "Cruise Control,Audio Interface,Airbags,Power Steering,Wind Deflector,Bluetooth Handset",
        "body_style": "Sports",
        "engine": "3.4L",
        "transmission": "Automatic",
        "interior": "Grey",
        "miles": 10000,
        "doors": "3",
        "passenges": 2,
        "vin_no": 115151,
        "milage": 6,
        "fuel_type": "Petrol",
        "no_of_owners": "1",
        "is_featured": true,
        "created_date": "2022-02-17T23:37:22"
    }
},
{
    "model": "cars.car",
    "pk": 2,
    "fields": {
        "car_title": "2017 Ford Edge",
        "state": "TX",
        "city": "Dallas",
        "color": "Black",
        "model": "Edge",
        "year": 2017,
        "conditions": "Used",
        "price": 25000,
        "description": "<p>The&nbsp;<strong>Ford Edge</strong>&nbsp;is a range of&nbsp;<a href=\"https://en.wikipedia.org/wiki/Crossover_(automobile)\" title=\"Crossover (automobile)\">crossover SUVs</a>&nbsp;manufactured by the&nbsp;<a href=\"https://en.wikipedia.org/wiki/Ford_Motor_Company\" title=\"Ford Motor Company\">Ford Motor Company</a>. Introduced for the 2007 model year, the Edge is the first&nbsp;<a href=\"https://en.wikipedia.org/wiki/Mid-size_CUV\" title=\"Mid-size CUV\">mid-size CUV</a>&nbsp;marketed by Ford in North America; the model line is currently in its second generation. Deriving its name from a trim package of the&nbsp;<a href=\"https://en.wikipedia.org/wiki/Ford_Ranger_(Americas)\" title=\"Ford Ranger (Americas)\">Ford Ranger</a>, the Ford Edge is positioned between the&nbsp;<a href=\"https://en.wikipedia.org/wiki/Ford_Escape\" title=\"Ford Escape\">Ford Escape</a>&nbsp;and the&nbsp;<a href=\"https://en.wikipedia.org/wiki/Ford_Explorer\" title=\"Ford Explorer\">Ford Explorer</a>&nbsp;within the Ford product line.</p>\r\n\r\n<p>Sharing its underpinnings with the&nbsp;<a href=\"https://en.wikipedia.org/wiki/Ford_Fusion_(Americas)\" title=\"Ford Fusion (Americas)\">Ford Fusion sedan</a>, Ford has also produced the model line as the&nbsp;<a href=\"https://en.wikipedia.org/wiki/Lincoln_MKX\" title=\"Lincoln MKX\">Lincoln MKX</a>&nbsp;(since 2019, the Lincoln Nautilus); the first generation was also produced as the&nbsp;<a href=\"https://en.wikipedia.org/wiki/Mazda_CX-9\" title=\"Mazda CX-9\">Mazda CX-9</a>. The second generation is also marketed by&nbsp;<a href=\"https://en.wikipedia.org/wiki/Ford_of_Europe\" title=\"Ford of Europe\">Ford of Europe</a>, positioned between the Kuga (Escape) and the Explorer PHEV.</p>",
        "car_photo": "photos/22/02/18/1901478607_kJKDG1S.jpg",
        "car_photo_1": "photos/22/02/18/1901478618_G5xk92z.jpg",
        "car_photo_2": "photos/22/02/18/1901478646_auXhhHb.jpg",
        "car_photo_3": "photos/22/02/18/1901478672_55PshUq.jpg",
        "car_photo_4": "photos/22/02/18/1901478687_QiWi8vc.jpg",
        "features": "Airbags,Air Conditioning,Alarm System,Power Steering,Wind Deflector,Bluetooth Handset",
        "body_style": "SUV",
        "engine": "3.4L",
        "transmission": "Automatic",
        "interior": "Grey",
        "miles": 50000,
        "doors": "5",
        "passenges": 5,
        "vin_no": 4431,
        "milage": 8,
        "fuel_type": "Petrol",
        "no_of_owners": "2",
        "is_featured": false,
        "created_date": "2022-02-18T00:10:57"
    }
},
{
    "model": "cars.car",
    "pk": 3,
    "fields": {
        "car_title": "2017 Ford F-250 Super Duty",
        "state": "FL",
        "city": "ostin",
        "color": "Black",
        "model": "Ford F-250 Super Duty",
        "year": 2017,
        "conditions": "Used",
        "price": 56000,
        "description": "<p>The&nbsp;<strong>Ford Super Duty</strong>&nbsp;(short for F-Series Super Duty) is a series of trucks manufactured by the&nbsp;<a href=\"https://en.wikipedia.org/wiki/Ford_Motor_Company\" title=\"Ford Motor Company\">Ford Motor Company</a>. Introduced in 1998 for the 1999 model year (the 1998 model year was skipped), the F-Series Super Duty trucks marked the addition of a heavy-duty pickup to the&nbsp;<a href=\"https://en.wikipedia.org/wiki/Ford_F-Series\" title=\"Ford F-Series\">Ford F-Series</a>&nbsp;range with the new versions of the F-250, F-350, and F-450 trucks, while the previous 1987&ndash;1997 F-Super Duty&nbsp;<a href=\"https://en.wikipedia.org/wiki/Chassis_cab\" title=\"Chassis cab\">chassis cabs</a>&nbsp;were replaced by the F-450 chassis cab and F-550 Super Duty.</p>\r\n\r\n<p>The Super Duty trucks use a distinct chassis from the lighter&nbsp;<a href=\"https://en.wikipedia.org/wiki/F-150\" title=\"F-150\">F-150</a>, with heavier-duty chassis and suspension components to allow for higher payload and towing capacities; additionally, the product line continued the use of&nbsp;<a href=\"https://en.wikipedia.org/wiki/Ford_Power_Stroke_engine\" title=\"Ford Power Stroke engine\">Ford PowerStroke</a>&nbsp;diesel engines. With a&nbsp;<a href=\"https://en.wikipedia.org/wiki/Gross_vehicle_weight_rating\" title=\"Gross vehicle weight rating\">GVWR</a>&nbsp;over 8,500&nbsp;lb (3,900&nbsp;kg), Super Duty pickups are&nbsp;<a href=\"https://en.wikipedia.org/wiki/Truck_classification\" title=\"Truck classification\">class 2 and 3</a>&nbsp;trucks, while chassis cab trucks are class 4 and class 5. The F-Series Super Duty has been used as the base chassis of the&nbsp;<a href=\"https://en.wikipedia.org/wiki/Ford_Excursion\" title=\"Ford Excursion\">Ford Excursion</a>&nbsp;full-sized SUV.</p>",
        "car_photo": "photos/22/02/18/1894300905.jpg",
        "car_photo_1": "photos/22/02/18/1894300894.jpg",
        "car_photo_2": "photos/22/02/18/1894300920.jpg",
        "car_photo_3": "photos/22/02/18/1900155012.jpg",
        "car_photo_4": "photos/22/02/18/1900155133.jpg",
        "features": "Cruise Control,Airbags,Seat Heating,Reversing Camera,Bluetooth Handset",
        "body_style": "SUV",
        "engine": "3.9L",
        "transmission": "Automatic",
        "interior": "Black",
        "miles": 25000,
        "doors": "4",
        "passenges": 6,
        "vin_no": 44545,
        "milage": 6,
        "fuel_type": "Diesel",
        "no_of_owners": "3",
        "is_featured": true,
        "created_date": "2022-02-18T00:12:14"
    }
},
{
    "model": "cars.car",
    "pk": 4,
    "fields": {
        "car_title": "2017 Jaguar F-PACE",
        "state": "TX",
        "city": "Austin",
        "color": "Green",
        "model": "Jaguar F-PACE",
        "year": 2017,
        "conditions": "Used",
        "price": 50000,
        "description": "<p>The&nbsp;<strong>Jaguar F-Pace</strong>&nbsp;(X761) is a&nbsp;<a href=\"https://en.wikipedia.org/wiki/Compact_executive_car\" title=\"Compact executive car\">compact luxury</a>&nbsp;<a href=\"https://en.wikipedia.org/wiki/Crossover_SUV\" title=\"Crossover SUV\">crossover SUV</a>&nbsp;made by&nbsp;<a href=\"https://en.wikipedia.org/wiki/Jaguar_Land_Rover\" title=\"Jaguar Land Rover\">Jaguar Land Rover</a>, a British&nbsp;<a href=\"https://en.wikipedia.org/wiki/Automaker\" title=\"Automaker\">car manufacturer</a>, under their&nbsp;<a href=\"https://en.wikipedia.org/wiki/Jaguar_Cars\" title=\"Jaguar Cars\">Jaguar marque</a>. It is the first model to be built by Jaguar in the SUV class. It was formally announced at the&nbsp;<a href=\"https://en.wikipedia.org/wiki/North_American_International_Auto_Show#2015\" title=\"North American International Auto Show\">2015 North American International Auto Show</a>&nbsp;in Detroit, with sales commencing in 2016 following an unveiling at the&nbsp;<a href=\"https://en.wikipedia.org/wiki/International_Motor_Show_Germany#2015\" title=\"International Motor Show Germany\">International Motor Show Germany</a>&nbsp;in Frankfurt in September 2015.<a href=\"https://en.wikipedia.org/wiki/Jaguar_F-Pace#cite_note-4\">[4]</a>&nbsp;The design of the F-Pace is based on the 2013&nbsp;<a href=\"https://en.wikipedia.org/wiki/Jaguar_C-X17\" title=\"Jaguar C-X17\">Jaguar C-X17</a>&nbsp;concept car.<a href=\"https://en.wikipedia.org/wiki/Jaguar_F-Pace#cite_note-BBC_News_120115-5\">[5]</a>&nbsp;The 2017 Jaguar F-PACE has been named the honorary winner of the 2017 World Car of the Year and World Car Design of the Year Awards at the&nbsp;<a href=\"https://en.wikipedia.org/wiki/New_York_International_Auto_Show\" title=\"New York International Auto Show\">New York International Auto Show</a>.<a href=\"https://en.wikipedia.org/wiki/Jaguar_F-Pace#cite_note-6\">[6]</a></p>",
        "car_photo": "photos/22/02/18/1902932542.jpg",
        "car_photo_1": "photos/22/02/18/1902932503.jpg",
        "car_photo_2": "photos/22/02/18/1902932528.jpg",
        "car_photo_3": "photos/22/02/18/1902932514.jpg",
        "car_photo_4": "",
        "features": "Audio Interface,Air Conditioning,Direct Fuel Injection,Bluetooth Handset",
        "body_style": "SUV",
        "engine": "3.4L",
        "transmission": "Automatic",
        "interior": "Black",
        "miles": 12500,
        "doors": "5",
        "passenges": 5,
        "vin_no": 154541,
        "milage": 6,
        "fuel_type": "Petrol",
        "no_of_owners": "1",
        "is_featured": true,
        "created_date": "2022-02-18T00:18:02"
    }
},
{
    "model": "cars.car",
    "pk": 5,
    "fields": {
        "car_title": "2018 Toyota 4runner",
        "state": "TX",
        "city": "Austin",
        "color": "Gray",
        "model": "Toyota 4runner",
        "year": 2018,
        "conditions": "Used",
        "price": 60000,
        "description": "<p>The&nbsp;<strong>Toyota 4Runner</strong>&nbsp;is a&nbsp;<a href=\"https://en.wikipedia.org/wiki/Compact_SUV\" title=\"Compact SUV\">compact</a>, later a&nbsp;<a href=\"https://en.wikipedia.org/wiki/Mid-size_sport_utility_vehicle\" title=\"Mid-size sport utility vehicle\">mid-size sport utility vehicle</a>&nbsp;produced by the Japanese manufacturer&nbsp;<a href=\"https://en.wikipedia.org/wiki/Toyota\" title=\"Toyota\">Toyota</a>&nbsp;and sold throughout the world from 1984 to the present. In Japan, it is known as the&nbsp;<strong>Toyota Hilux Surf</strong>&nbsp;(<a href=\"https://en.wikipedia.org/wiki/Japanese_language\" title=\"Japanese language\">Japanese</a>:&nbsp;\u30c8\u30e8\u30bf\u30fb\u30cf\u30a4\u30e9\u30c3\u30af\u30b9\u30b5\u30fc\u30d5,&nbsp;<a href=\"https://en.wikipedia.org/wiki/Hepburn_romanization\" title=\"Hepburn romanization\">Hepburn</a>:&nbsp;<em>Toyota Hairakkusus\u0101fu</em>)&nbsp;which was withdrawn from the market in 2009. The original 4Runner was a&nbsp;<a href=\"https://en.wikipedia.org/wiki/Compact_SUV\" title=\"Compact SUV\">compact SUV</a>&nbsp;and little more than a Toyota pickup truck with a fiberglass shell over the bed, but the model has since undergone significant independent development into a cross between a compact and a mid-size SUV. All 4Runners have been built in Japan at Toyota&#39;s&nbsp;<a href=\"https://en.wikipedia.org/wiki/Tahara_plant\" title=\"Tahara plant\">plant</a>&nbsp;in&nbsp;<a href=\"https://en.wikipedia.org/wiki/Tahara,_Aichi\" title=\"Tahara, Aichi\">Tahara, Aichi</a>, or at the&nbsp;<a href=\"https://en.wikipedia.org/wiki/Hino_Motors\" title=\"Hino Motors\">Hino Motors</a>&nbsp;(a Toyota subsidiary) plant in&nbsp;<a href=\"https://en.wikipedia.org/wiki/Hamura\" title=\"Hamura\">Hamura</a>.</p>",
        "car_photo": "photos/22/03/14/1893633875.jpg",
        "car_photo_1": "photos/22/03/14/1893633884.jpg",
        "car_photo_2": "photos/22/03/14/1893633879.jpg",
        "car_photo_3": "photos/22/03/14/1896836883.jpg",
        "car_photo_4": "photos/22/03/14/1896836887.jpg",
        "features": "Cruise Control,Airbags,Alarm System,Wind Deflector,Bluetooth Handset",
        "body_style": "SUV",
        "engine": "3.9L",
        "transmission": "Automatic",
        "interior": "Black",
        "miles": 20000,
        "doors": "4",
        "passenges": 6,
        "vin_no": 46547,
        "milage": 9,
        "fuel_type": "Diesel",
        "no_of_owners": "2",
        "is_featured": false,
        "created_date": "2022-03-14T21:50:31"
    }
},
{
    "model": "cars.car",
    "pk": 6,
    "fields": {
        "car_title": "2018 Toyota Corola",
        "state": "CA",
        "city": "california",
        "color": "White",
        "model": "Toyota Corola",
        "year": 2018,
        "conditions": "Used",
        "price": 75000,
        "description": "<p>The&nbsp;<strong>Toyota Corolla</strong>&nbsp;(<a href=\"https://en.wikipedia.org/wiki/Japanese_language\" title=\"Japanese language\">Japanese</a>:&nbsp;\u30c8\u30e8\u30bf\u30fb\u30ab\u30ed\u30fc\u30e9,&nbsp;<a href=\"https://en.wikipedia.org/wiki/Hepburn_romanization\" title=\"Hepburn romanization\">Hepburn</a>:&nbsp;<em>Toyota Kar\u014dra</em>)&nbsp;is a series of&nbsp;<a href=\"https://en.wikipedia.org/wiki/Compact_car\" title=\"Compact car\">compact cars</a>&nbsp;(formerly&nbsp;<a href=\"https://en.wikipedia.org/wiki/Subcompact_car\" title=\"Subcompact car\">subcompact</a>) manufactured and marketed globally by&nbsp;<a href=\"https://en.wikipedia.org/wiki/Toyota\" title=\"Toyota\">Toyota</a>. Introduced in 1966, the Corolla was the best-selling car worldwide by 1974 and has been one of the best-selling cars in the world since then. In 1997, the Corolla became the&nbsp;<a href=\"https://en.wikipedia.org/wiki/List_of_best-selling_automobiles\" title=\"List of best-selling automobiles\">best selling nameplate in the world</a>, surpassing the&nbsp;<a href=\"https://en.wikipedia.org/wiki/Volkswagen_Beetle\" title=\"Volkswagen Beetle\">Volkswagen Beetle</a>.<a href=\"https://en.wikipedia.org/wiki/Toyota_Corolla#cite_note-1\">[1]</a>&nbsp;Toyota reached the milestone of 50 million Corollas sold over twelve generations in 2021.<a href=\"https://en.wikipedia.org/wiki/Toyota_Corolla#cite_note-50million-2\">[2]</a>&nbsp;The series has undergone several major redesigns.</p>\r\n\r\n<p>The name&nbsp;<em><a href=\"https://en.wikipedia.org/wiki/Corolla_(headgear)\" title=\"Corolla (headgear)\">Corolla</a></em>&nbsp;is part of Toyota&#39;s naming tradition of using names derived from the&nbsp;<a href=\"https://en.wikipedia.org/wiki/Toyota_Crown\" title=\"Toyota Crown\">Toyota Crown</a>&nbsp;for sedans, with&nbsp;<em>&quot;<a href=\"https://en.wiktionary.org/wiki/corolla\" title=\"wikt:corolla\">corolla</a>&quot;</em>&nbsp;<a href=\"https://en.wikipedia.org/wiki/Latin\" title=\"Latin\">Latin</a>&nbsp;for &quot;small crown&quot;.<a href=\"https://en.wikipedia.org/wiki/Toyota_Corolla#cite_note-3\">[3]</a>&nbsp;The Corolla has always been exclusive in Japan to&nbsp;<em><a href=\"https://en.wikipedia.org/wiki/Toyota_Corolla_Store\" title=\"Toyota Corolla Store\">Toyota Corolla Store</a></em>&nbsp;locations, and manufactured in Japan with a twin, called the&nbsp;<a href=\"https://en.wikipedia.org/wiki/Toyota_Sprinter\" title=\"Toyota Sprinter\">Toyota Sprinter</a>&nbsp;until 2000. From 2006 to 2018 in Japan and much of the world, and from 2018 to 2020 in Taiwan, the hatchback companion had been called the&nbsp;<a href=\"https://en.wikipedia.org/wiki/Toyota_Auris\" title=\"Toyota Auris\">Toyota Auris</a>.</p>",
        "car_photo": "photos/22/03/14/1900893299.jpg",
        "car_photo_1": "photos/22/03/14/1900893311.jpg",
        "car_photo_2": "photos/22/03/14/1900893319.jpg",
        "car_photo_3": "photos/22/03/14/1900893329.jpg",
        "car_photo_4": "photos/22/03/14/1900893391.jpg",
        "features": "Audio Interface,ParkAssist,Power Steering,Reversing Camera,Bluetooth Handset",
        "body_style": "Sports",
        "engine": "3.4L",
        "transmission": "Automatic",
        "interior": "Black",
        "miles": 3000,
        "doors": "4",
        "passenges": 4,
        "vin_no": 3212,
        "milage": 8,
        "fuel_type": "Diesel",
        "no_of_owners": "2",
        "is_featured": false,
        "created_date": "2022-03-14T21:56:53"
    }
},
{
    "model": "pages.team",
    "pk": 1,
    "fields": {
        "first_name": "Thejus",
        "last_name": "Mathew",
        "designation": "Founder",
        "photo": "photos/22/02/12/avatar-3.jpg",
        "facebook_link": "http://www.facebbok.com",
        "twitter_link": "http://www.twitter.com",
        "google_plus_link": "http://www.googleplus.com",
        "created_date": "2022-02-12"
    }
},
{
    "model": "pages.team",
    "pk": 2,
    "fields": {
        "first_name": "Jithin",
        "last_name": "George",
        "designation": "Co-Founder",
        "photo": "photos/22/02/12/avatar-12.jpg",
        "facebook_link": "http://www.facebbok.com",
        "twitter_link": "http://www.twitter.com",
        "google_plus_link": "http://www.googleplus.com",
        "created_date": "2022-02-12"
    }
},
{
    "model": "pages.team",
    "pk": 3,
    "fields": {
        "first_name": "Midhun",
        "last_name": "Krishna",
        "designation": "Creative Director",
        "photo": "photos/22/02/12/avatar-1.jpg",
        "facebook_link": "http://www.facebbok.com",
        "twitter_link": "http://www.twitter.com",
        "google_plus_link": "http://www.googleplus.com",
        "created_date": "2022-02-12"
    }
},
{
    "model": "pages.team",
    "pk": 4,
    "fields": {
        "first_name": "Vishal",
        "last_name": "Nair",
        "designation": "CEO",
        "photo": "photos/22/02/12/avatar-11.jpg",
        "facebook_link": "http://www.facebbok.com",
        "twitter_link": "http://www.twitter.com",
        "google_plus_link": "http://www.googleplus.com",
        "created_date": "2022-02-12"
    }
},
{
    "model": "pages.team",
    "pk": 5,
    "fields": {
        "first_name": "Andrea",
        "last_name": "Mathew",
        "designation": "Support Manager",
        "photo": "photos/22/02/12/avatar-9.jpg",
        "facebook_link": "http://www.facebbok.com",
        "twitter_link": "http://www.twitter.com",
        "google_plus_link": "http://www.googleplus.com",
        "created_date": "2022-02-12"
    }
},
{
    "model": "contacts.contact",
    "pk": 9,
    "fields": {
        "first_name": "Adarsh",
        "last_name": "prakash",
        "car_id": 2,
        "customer_need": "I'm interested in this",
        "car_title": "2017 Ford Edge",
        "city": "Kottayam",
        "state": "Kerala",
        "email": "iamadarshprakash@gmail.com",
        "phone": "09744149409",
        "message": "n",
        "user_id": 0,
        "create_date": "2022-03-28T15:11:54"
    }
},
{
    "model": "contacts.contact",
    "pk": 11,
    "fields": {
        "first_name": "Adarsh",
        "last_name": "prakash",
        "car_id": 5,
        "customer_need": "I'm interested in this",
        "car_title": "2018 Toyota 4runner",
        "city": "Kottayam",
        "state": "Kerala",
        "email": "iamadarshprakash@gmail.com",
        "phone": "09744149409",
        "message": "jj",
        "user_id": 3,
        "create_date": "2022-03-28T15:54:49"
    }
},
{
    "model": "contacts.contact",
    "pk": 13,
    "fields": {
        "first_name": "jithin",
        "last_name": "george",
        "car_id": 5,
        "customer_need": "I'm interested in this",
        "car_title": "2018 Toyota 4runner",
        "city": "Kottayam",
        "state": "Kerala",
        "email": "jithin@gmail.com",
        "phone": "9854745632",
        "message": "xsdc",
        "user_id": 1,
        "create_date": "2022-03-28T18:33:15.156"
    }
},
{
    "model": "contacts.contact",
    "pk": 14,
    "fields": {
        "first_name": "jayakrishnan",
        "last_name": "vr",
        "car_id": 4,
        "customer_need": "I'm interested in this",
        "car_title": "2017 Jaguar F-PACE",
        "city": "india",
        "state": "kerala",
        "email": "jk@gmail.com",
        "phone": "9876543210",
        "message": "i like this car",
        "user_id": 12,
        "create_date": "2022-03-28T18:44:54.392"
    }
},
{
    "model": "contacts.contact",
    "pk": 15,
    "fields": {
        "first_name": "Adarsh",
        "last_name": "prakash",
        "car_id": 4,
        "customer_need": "I'm interested in this",
        "car_title": "2017 Jaguar F-PACE",
        "city": "Kottayam",
        "state": "Kerala",
        "email": "iamadarshprakash@gmail.com",
        "phone": "09744149409",
        "message": "cc",
        "user_id": 11,
        "create_date": "2022-03-28T22:27:08.890"
    }
},
{
    "model": "contacts.contact",
    "pk": 16,
    "fields": {
        "first_name": "Adarsh",
        "last_name": "prakash",
        "car_id": 5,
        "customer_need": "I'm interested in this",
        "car_title": "2018 Toyota 4runner",
        "city": "Kottayam",
        "state": "Kerala",
        "email": "iamadarshprakash@gmail.com",
        "phone": "09744149409",
        "message": "",
        "user_id": 11,
        "create_date": "2022-03-29T10:18:42.679"
    }
},
{
    "model": "contacts.contact",
    "pk": 17,
    "fields": {
        "first_name": "Satheesh",
        "last_name": "Kumar",
        "car_id": 4,
        "customer_need": "I'd like to test drive this",
        "car_title": "2017 Jaguar F-PACE",
        "city": "india",
        "state": "Kerala",
        "email": "satheesh@gmail.com",
        "phone": "9874561230",
        "message": "Where is your proper place",
        "user_id": 13,
        "create_date": "2022-03-29T10:44:41.596"
    }
},
{
    "model": "contacts.contact",
    "pk": 18,
    "fields": {
        "first_name": "Satheesh",
        "last_name": "Kumar",
        "car_id": 3,
        "customer_need": "I'm interested in this",
        "car_title": "2017 Ford F-250 Super Duty",
        "city": "Kottayam",
        "state": "Kerala",
        "email": "satheesh@gmail.com",
        "phone": "9874561023",
        "message": "Is it available?",
        "user_id": 13,
        "create_date": "2022-03-29T10:46:27.239"
    }
},
{
    "model": "contacts.contact",
    "pk": 19,
    "fields": {
        "first_name": "manju",
        "last_name": "sabu",
        "car_id": 5,
        "customer_need": "I'm interested in this",
        "car_title": "2018 Toyota 4runner",
        "city": "Kottayam",
        "state": "Kerala",
        "email": "manju@gmail.com",
        "phone": "9874563210",
        "message": "i want this car.Can you please tell more details about this car",
        "user_id": 14,
        "create_date": "2022-04-08T21:36:37.687"
    }
},
{
    "model": "contacts.contact",
    "pk": 20,
    "fields": {
        "first_name": "Midhun",
        "last_name": "Krishna",
        "car_id": 5,
        "customer_need": "I'd like to test drive this",
        "car_title": "2018 Toyota 4runner",
        "city": "Kottayam",
        "state": "Kerala",
        "email": "midhun@gmail.com",
        "phone": "78894",
        "message": "is it available?",
        "user_id": 20,
        "create_date": "2022-04-20T00:18:20.061"
    }
},
{
    "model": "contacts.contact",
    "pk": 21,
    "fields": {
        "first_name": "a",
        "last_name": "b",
        "car_id": 5,
        "customer_need": "I'm interested in this",
        "car_title": "2018 Toyota 4runner",
        "city": "california",
        "state": "d",
        "email": "d@gmail.com",
        "phone": "",
        "message": "",
        "user_id": 24,
        "create_date": "2022-04-28T19:00:55.400"
    }
},
{
    "model": "contacts.contact",
    "pk": 22,
    "fields": {
        "first_name": "Satheesh",
        "last_name": "prakash",
        "car_id": 6,
        "customer_need": "I'm interested in this",
        "car_title": "2018 Toyota Corola",
        "city": "Kottayam",
        "state": "Kerala",
        "email": "iamadarshprakash@gmail.com",
        "phone": "09744149409",
        "message": "",
        "user_id": 1,
        "create_date": "2022-04-28T19:54:04.286"
    }
},
{
    "model": "contacts.contact",
    "pk": 23,
    "fields": {
        "first_name": "Adarsh",
        "last_name": "prakash",
        "car_id": 5,
        "customer_need": "I'm interested in this",
        "car_title": "2018 Toyota 4runner",
        "city": "Kottayam",
        "state": "Kerala",
        "email": "iamadarshprakash@gmail.com",
        "phone": "09744149409",
        "message": "",
        "user_id": 0,
        "create_date": "2022-04-28T19:56:54.425"
    }
},
{
    "model": "contacts.contact",
    "pk": 24,
    "fields": {
        "first_name": "aliph",
        "last_name": "arjun",
        "car_id": 4,
        "customer_need": "I'm interested in this",
        "car_title": "2017 Jaguar F-PACE",
        "city": "kottayam",
        "state": "kerala",
        "email": "aliph@gmail.com",
        "phone": "",
        "message": "ee vandi ondo",
        "user_id": 25,
        "create_date": "2022-04-29T10:41:37.068"
    }
},
{
    "model": "contacts.contact",
    "pk": 25,
    "fields": {
        "first_name": "Adarsh",
        "last_name": "prakash",
        "car_id": 2,
        "customer_need": "I'm interested in this",
        "car_title": "2017 Ford Edge",
        "city": "Kottayam",
        "state": "Kerala",
        "email": "iamadarshprakash@gmail.com",
        "phone": "09744149409",
        "message": "i want this car",
        "user_id": 25,
        "create_date": "2022-04-29T14:02:25.836"
    }
},
{
    "model": "auth.user",
    "fields": {
        "password": "pbkdf2_sha256$260000$gMlcaLTqhXoeJKkfwA7SXf$+7MHCZZZCDvzaikr+HD/V70W1isi93/20ug9MRCTGSc=",
        "last_login": "2022-04-29T14:05:12.327",
        "is_superuser": true,
        "username": "djangoadmin",
        "first_name": "Adarsh",
        "last_name": "prakash",
        "email": "adarshprakash456@gmail.com",
        "is_staff": true,
        "is_active": true,
        "date_joined": "2022-02-12T06:41:58",
        "groups": [],
        "user_permissions": []
    }
},
{
    "model": "auth.user",
    "fields": {
        "password": "pbkdf2_sha256$260000$R7o2WI2JPmE8L9hN9boOtA$0IIKfXr2sz4gLNb58OrriKMxUZmvXMebFKvhSQf2/fo=",
        "last_login": null,
        "is_superuser": false,
        "username": "win123",
        "first_name": "win",
        "last_name": "mathew",
        "email": "win@gmail.com",
        "is_staff": false,
        "is_active": true,
        "date_joined": "2022-03-24T12:18:53.808",
        "groups": [],
        "user_permissions": []
    }
},
{
    "model": "auth.user",
    "fields": {
        "password": "pbkdf2_sha256$260000$SXN35cmhxLWko2Ni94CsKu$D++yUifItf/qLr6sIIWqF06M8abihgEKryUa4+qvbM0=",
        "last_login": "2022-03-24T12:28:08.283",
        "is_superuser": false,
        "username": "arjunbabu",
        "first_name": "arjun",
        "last_name": "babu",
        "email": "arjun@gmail.com",
        "is_staff": false,
        "is_active": true,
        "date_joined": "2022-03-24T12:28:07.502",
        "groups": [],
        "user_permissions": []
    }
},
{
    "model": "auth.user",
    "fields": {
        "password": "pbkdf2_sha256$260000$13SNTELgDYDdg8bi5nItEi$UdT+p9pT9XEW57qU4A1lyVVYvIkiykDKeeUU2wuf1QE=",
        "last_login": "2022-03-24T12:29:13.836",
        "is_superuser": false,
        "username": "nikhilr",
        "first_name": "nikhil",
        "last_name": "r",
        "email": "nikhil@gmail.com",
        "is_staff": false,
        "is_active": true,
        "date_joined": "2022-03-24T12:29:13.303",
        "groups": [],
        "user_permissions": []
    }
},
{
    "model": "auth.user",
    "fields": {
        "password": "pbkdf2_sha256$260000$TYHrpm5mDhsCI6fmB4XDp9$tN4pT/3qHWd/FsyDAtg3bHk8kcxYgOnBGCfHrn/NFXE=",
        "last_login": "2022-03-24T12:32:58.787",
        "is_superuser": false,
        "username": "leezack",
        "first_name": "letson",
        "last_name": "thomas",
        "email": "letson@gmail.com",
        "is_staff": false,
        "is_active": true,
        "date_joined": "2022-03-24T12:32:58.166",
        "groups": [],
        "user_permissions": []
    }
},
{
    "model": "auth.user",
    "fields": {
        "password": "pbkdf2_sha256$260000$Epn7NabGKMD6NR0yUtZ4r2$WrI8YdsWRtZaXIGFse0Ltwiy82vkOw2H7YeSR4AN3qM=",
        "last_login": "2022-03-24T16:35:06.727",
        "is_superuser": false,
        "username": "jithingeorge",
        "first_name": "jithin",
        "last_name": "george",
        "email": "jithin@gmail.com",
        "is_staff": false,
        "is_active": true,
        "date_joined": "2022-03-24T16:35:05.653",
        "groups": [],
        "user_permissions": []
    }
},
{
    "model": "auth.user",
    "fields": {
        "password": "pbkdf2_sha256$260000$WcqSEGz1mvnXGHg053WgWS$FrbOv1m76oIVswUhESku6EcXL+kX1DEUMoaHdkXU77g=",
        "last_login": "2022-03-24T16:49:43.939",
        "is_superuser": false,
        "username": "adarshprakash",
        "first_name": "Adarsh",
        "last_name": "prakash",
        "email": "iamadarshprakashh@gmail.com",
        "is_staff": false,
        "is_active": true,
        "date_joined": "2022-03-24T16:49:43.187",
        "groups": [],
        "user_permissions": []
    }
},
{
    "model": "auth.user",
    "fields": {
        "password": "pbkdf2_sha256$260000$RN8BvOQqOjfPjwFzrNibMT$Ss+6DLhsCuRmL9BHfwry9zggi6dQVtdhc26rDEjUalc=",
        "last_login": "2022-03-24T17:49:35.108",
        "is_superuser": false,
        "username": "joe",
        "first_name": "joe",
        "last_name": "joe",
        "email": "joe@gmail.com",
        "is_staff": false,
        "is_active": true,
        "date_joined": "2022-03-24T16:54:11.021",
        "groups": [],
        "user_permissions": []
    }
},
{
    "model": "auth.user",
    "fields": {
        "password": "pbkdf2_sha256$260000$7OTFknHr6J0u5hU7Q8PY5I$ZR07fZ9Ccx1rBxd46PkZJJ0+8XTxYcP/5JeRIcIgsmU=",
        "last_login": "2022-03-24T17:51:10.194",
        "is_superuser": false,
        "username": "mannasara",
        "first_name": "manna",
        "last_name": "sara",
        "email": "mannasara@gmail.com",
        "is_staff": false,
        "is_active": true,
        "date_joined": "2022-03-24T17:50:58.926",
        "groups": [],
        "user_permissions": []
    }
},
{
    "model": "auth.user",
    "fields": {
        "password": "!fQgPUas0lxJZnfuhOkv2SSB5k4q3xBCh855BLDKJ",
        "last_login": "2022-04-28T20:10:14.680",
        "is_superuser": false,
        "username": "adarsh",
        "first_name": "Adarsh",
        "last_name": "Prakash",
        "email": "",
        "is_staff": false,
        "is_active": true,
        "date_joined": "2022-03-26T13:11:51.102",
        "groups": [],
        "user_permissions": []
    }
},
{
    "model": "auth.user",
    "fields": {
        "password": "pbkdf2_sha256$260000$u5mEDXlUqBMs0lXkdBuerv$nZ5h+Slq+AUgJdF4giFCMOh/oMjgv0Oe3BU9a0KeoMw=",
        "last_login": "2022-03-29T09:53:10.710",
        "is_superuser": false,
        "username": "thejus",
        "first_name": "thejus",
        "last_name": "mathew",
        "email": "thejus@gmail.com",
        "is_staff": false,
        "is_active": true,
        "date_joined": "2022-03-27T12:03:20.178",
        "groups": [],
        "user_permissions": []
    }
},
{
    "model": "auth.user",
    "fields": {
        "password": "pbkdf2_sha256$180000$S8ELOZjo8lhk$cKCM70tG17NVBWTEUIFqxpVQQRPav/bJRQs8yUxRypk=",
        "last_login": "2022-03-28T18:43:09.275",
        "is_superuser": false,
        "username": "jayakrishnan",
        "first_name": "jayakrishnan",
        "last_name": "vr",
        "email": "jk@gmail.com",
        "is_staff": false,
        "is_active": true,
        "date_joined": "2022-03-28T18:43:08.216",
        "groups": [],
        "user_permissions": []
    }
},
{
    "model": "auth.user",
    "fields": {
        "password": "pbkdf2_sha256$260000$2vyAODSh7ORJTwwEjP7YCS$q9Tw2jl5fMYXnYeVaYgwfay11kNba/AaEUxyKV1/7Pc=",
        "last_login": "2022-03-29T10:45:28.189",
        "is_superuser": false,
        "username": "satheesh",
        "first_name": "satheesh",
        "last_name": "kumar",
        "email": "satheesh@gmail.com",
        "is_staff": false,
        "is_active": true,
        "date_joined": "2022-03-29T10:23:29.196",
        "groups": [],
        "user_permissions": []
    }
},
{
    "model": "auth.user",
    "fields": {
        "password": "pbkdf2_sha256$180000$wVT2PMcM3lzB$3DxONF3GmvlkWUbggmpBHgZCsU9psnkVsP5pgHwdbGc=",
        "last_login": "2022-04-08T21:35:37.152",
        "is_superuser": false,
        "username": "manjusabu",
        "first_name": "manju",
        "last_name": "sabu",
        "email": "manju@gmail.com",
        "is_staff": false,
        "is_active": true,
        "date_joined": "2022-04-08T21:35:36.048",
        "groups": [],
        "user_permissions": []
    }
},
{
    "model": "auth.user",
    "fields": {
        "password": "!CholoC0tIvVXYFBYcJwuyN2VdcrtoqIXHZbs1DT2",
        "last_login": "2022-04-28T20:10:58.130",
        "is_superuser": false,
        "username": "adarsh6",
        "first_name": "Adarsh",
        "last_name": "prakash",
        "email": "",
        "is_staff": false,
        "is_active": true,
        "date_joined": "2022-04-12T01:16:19.197",
        "groups": [],
        "user_permissions": []
    }
},
{
    "model": "auth.user",
    "fields": {
        "password": "pbkdf2_sha256$260000$L9mFPotaSCTFXltlDbYV8u$JCra1vxkx2gTC9oxvYysXrvLf4RuaGHy7q3ZljLvIn0=",
        "last_login": "2022-04-13T12:25:40.657",
        "is_superuser": false,
        "username": "amalkumar",
        "first_name": "amal",
        "last_name": "kumar",
        "email": "amalkumar@gmail.com",
        "is_staff": false,
        "is_active": true,
        "date_joined": "2022-04-13T12:25:39.847",
        "groups": [],
        "user_permissions": []
    }
},
{
    "model": "auth.user",
    "fields": {
        "password": "pbkdf2_sha256$260000$LVFiMeIpn055f9tVlb1Ppp$IrzJWNmrCkoYh/IIfN1+u2Tk5W7eAvFpXgGfcAEJte4=",
        "last_login": "2022-04-17T11:00:32.873",
        "is_superuser": false,
        "username": "abcd",
        "first_name": "ab",
        "last_name": "cd",
        "email": "abcd@gmail",
        "is_staff": false,
        "is_active": true,
        "date_joined": "2022-04-17T11:00:32.056",
        "groups": [],
        "user_permissions": []
    }
},
{
    "model": "auth.user",
    "fields": {
        "password": "pbkdf2_sha256$260000$ltWxZhgysnbBly7tVo46DI$CeeXBmq+6xFhMtqX9SHDQx2bQYx/VT/ItEWqIlYhVts=",
        "last_login": "2022-04-17T11:59:04.957",
        "is_superuser": false,
        "username": "aryadevadas",
        "first_name": "arya",
        "last_name": "devadas",
        "email": "aryadevadas@gmail.com",
        "is_staff": false,
        "is_active": true,
        "date_joined": "2022-04-17T11:59:03.849",
        "groups": [],
        "user_permissions": []
    }
},
{
    "model": "auth.user",
    "fields": {
        "password": "pbkdf2_sha256$260000$j749w7AUk2zI26ec1HKrKh$l0E9xxmBF1MiH6MbdtSRKsnpc8Q+bbtrKL6Mlp5UakM=",
        "last_login": "2022-04-19T15:16:38.435",
        "is_superuser": false,
        "username": "thejusmathew",
        "first_name": "Thejus",
        "last_name": "Mathew",
        "email": "thejusmathew@gmail.com",
        "is_staff": false,
        "is_active": true,
        "date_joined": "2022-04-19T15:16:38.126",
        "groups": [],
        "user_permissions": []
    }
},
{
    "model": "auth.user",
    "fields": {
        "password": "pbkdf2_sha256$260000$r01Go9qCGh1GCoHXG2winY$Nc1zVYjz2i2OhH12xbUhuitSBvxCASLTNoa2/AYsfwY=",
        "last_login": "2022-04-20T13:01:37.648",
        "is_superuser": false,
        "username": "midhunkrishna",
        "first_name": "midhun",
        "last_name": "krishna",
        "email": "midhunkrishna@gmail.com",
        "is_staff": false,
        "is_active": true,
        "date_joined": "2022-04-19T15:27:48.538",
        "groups": [],
        "user_permissions": []
    }
},
{
    "model": "auth.user",
    "fields": {
        "password": "pbkdf2_sha256$260000$c5Mbu6g4eovbqqz8UTRAw2$m5spSG4Wu0DWwsGj05hx8O3k29rN4pVB8uL87V1+FVM=",
        "last_login": "2022-04-19T15:45:16.721",
        "is_superuser": false,
        "username": "anjali",
        "first_name": "anjali ",
        "last_name": "anju",
        "email": "anjali@gmail.com",
        "is_staff": false,
        "is_active": true,
        "date_joined": "2022-04-19T15:45:16.298",
        "groups": [],
        "user_permissions": []
    }
},
{
    "model": "auth.user",
    "fields": {
        "password": "!DJNKFGgPfZqsSuPKphV6BqdIEYvtOMOxpqYoEjFc",
        "last_login": "2022-04-23T15:39:26.449",
        "is_superuser": false,
        "username": "adarsh4",
        "first_name": "adarsh",
        "last_name": "prakash",
        "email": "",
        "is_staff": false,
        "is_active": true,
        "date_joined": "2022-04-20T00:31:58.513",
        "groups": [],
        "user_permissions": []
    }
},
{
    "model": "auth.user",
    "fields": {
        "password": "!BsCOclNXQpbLmEihuUwRoqE9JSIEowRwBTndPNmh",
        "last_login": "2022-04-23T15:39:46.154",
        "is_superuser": false,
        "username": "adarsh_p_prakash",
        "first_name": "ADARSH P PRAKASH",
        "last_name": "19pmc101",
        "email": "",
        "is_staff": false,
        "is_active": true,
        "date_joined": "2022-04-23T15:39:45.826",
        "groups": [],
        "user_permissions": []
    }
},
{
    "model": "auth.user",
    "fields": {
        "password": "pbkdf2_sha256$260000$lToKNJHqMoIkzT7sMhz7kQ$iRAR2evDu4xQmVHExYzPBz/VxxQhoPjwPzMJdY8IyJk=",
        "last_login": "2022-04-28T18:59:32.247",
        "is_superuser": false,
        "username": "c",
        "first_name": "a",
        "last_name": "b",
        "email": "d@gmail.com",
        "is_staff": false,
        "is_active": true,
        "date_joined": "2022-04-28T18:59:31.902",
        "groups": [],
        "user_permissions": []
    }
},
{
    "model": "auth.user",
    "fields": {
        "password": "pbkdf2_sha256$260000$ttK1bg2p7N8JCHKfJMHElb$XC0BYGioP9BXAX0cUJ6CkZxUfrwpJJVYSDu/ayR9HTg=",
        "last_login": "2022-04-29T14:01:26.898",
        "is_superuser": false,
        "username": "krupabenny",
        "first_name": "krupa",
        "last_name": "benny",
        "email": "krupabenny@gmail.com",
        "is_staff": false,
        "is_active": true,
        "date_joined": "2022-04-29T10:37:50.340",
        "groups": [],
        "user_permissions": []
    }
},
{
    "model": "sessions.session",
    "pk": "7mu8niq1z2s6dz3ljvo3n2y1pldz3lda",
    "fields": {
        "session_data": ".eJxVjMsOwiAURP-FtSG00Aou3fsN5HIfUjWQlHZl_HfbpAvN7OacmbeKsC45ro3nOJG6qE6dfrsE-OSyA3pAuVeNtSzzlPSu6IM2favEr-vh_h1kaHlbOw8eTdoiVgK6ICaAgd7JmNAZZDNK8EQysD1b6VASExGL9IPz6NTnCwWSOVU:1nJI0v:WaGWCYmgGKcCO86ubefDQmbsQYsRqQVeTwvqR9LvIlI",
        "expire_date": "2022-02-27T16:46:17.379"
    }
},
{
    "model": "sessions.session",
    "pk": "k3cqycbat1rzip2mk3se6wfesnwh4tqi",
    "fields": {
        "session_data": ".eJxVjEEOwiAQRe_C2hA6hAFcuvcMZIBBqoYmpV013t026UK3_733NxFoXWpYO89hzOIqBnH53SKlF7cD5Ce1xyTT1JZ5jPJQ5Em7vE-Z37fT_Tuo1OteW-UAFZCyxjml9jCjIVcsG9SQwKGJ1kDy2RROBTlb7ZMHjZEG7VF8vsFEN1M:1neMXD:aEbcKK5r_7DuDWhKkPLNzx59li_RBBaHtzlQWOPDfxc",
        "expire_date": "2022-04-27T01:20:43.150"
    }
},
{
    "model": "sessions.session",
    "pk": "o35h28zrcx44b8ovxnv6hkkmps2f6fj5",
    "fields": {
        "session_data": ".eJxVjEEOwiAQRe_C2hCYMhRcuvcMBGZAqoYmpV0Z765NutDtf-_9lwhxW2vYel7CxOIsAMXpd0yRHrnthO-x3WZJc1uXKcldkQft8jpzfl4O9--gxl6_tQMiDwMbTDwSeKcUaSiMuZBOGotSGjkiOI9OFTTRKLBgBztaZ3IW7w_82TdD:1nkM2A:WkhJa1V5lWLhC0D1kmITlhk8hVsVsXUf21dOG4dpI28",
        "expire_date": "2022-05-13T14:01:26.906"
    }
},
{
    "model": "sessions.session",
    "pk": "p0xygd8tignof2kvocquiur0sc618zuf",
    "fields": {
        "session_data": ".eJxVjMsOwiAURP-FtSG00Aou3fsN5HIfUjWQlHZl_HfbpAvN7OacmbeKsC45ro3nOJG6qE6dfrsE-OSyA3pAuVeNtSzzlPSu6IM2favEr-vh_h1kaHlbOw8eTdoiVgK6ICaAgd7JmNAZZDNK8EQysD1b6VASExGL9IPz6NTnCwWSOVU:1nJI0v:WaGWCYmgGKcCO86ubefDQmbsQYsRqQVeTwvqR9LvIlI",
        "expire_date": "2022-02-27T16:46:17.380"
    }
},
{
    "model": "sessions.session",
    "pk": "qxvlm4la2hpeef2pwshazjvrtms12npz",
    "fields": {
        "session_data": ".eJxVjMsOwiAQRf-FtSEClYdL9_0GMswMUjWQlHZl_HfbpAvd3nPueYsI61Li2nmOE4mrUOL0uyXAJ9cd0APqvUlsdZmnJHdFHrTLsRG_bof7FyjQy_bGZM8BLtoqcMllyqiIjLU-O21DMOyBrFFpUF47z2aA7NWWTwMhILL4fAHvNjjF:1nWYvG:94jhmz6g5G7phaVRY7YTqNC-02ukE5uDGyowPFHeJX8",
        "expire_date": "2022-04-05T12:57:18.236"
    }
},
{
    "model": "sessions.session",
    "pk": "ugbjgur8tq3nbuhme9jp2hdv33ke2q4e",
    "fields": {
        "session_data": "OWQxMDIzNjkyNjBiNWQzZDJlMTkxNWIwYjU5ZDlmZGM2ZTVhNmJmNTp7Il9hdXRoX3VzZXJfaWQiOiIxIiwiX2F1dGhfdXNlcl9iYWNrZW5kIjoiZGphbmdvLmNvbnRyaWIuYXV0aC5iYWNrZW5kcy5Nb2RlbEJhY2tlbmQiLCJfYXV0aF91c2VyX2hhc2giOiIyNzM3MjZiN2NkMGQ2MWEzMGRlN2QzOGQ4MjExYjFkN2U0NjNiZGQ3In0=",
        "expire_date": "2022-03-18T00:22:02.438"
    }
},
{
    "model": "sites.site",
    "fields": {
        "domain": "localhost:8000",
        "name": "localhost:8000"
    }
},
{
    "model": "socialaccount.socialapp",
    "pk": 1,
    "fields": {
        "provider": "facebook",
        "name": "Facebook login",
        "client_id": "1347241059110744",
        "secret": "1172500c50de6c027a546b312b1625ab",
        "key": "",
        "sites": [
            [
                "localhost:8000"
            ]
        ]
    }
},
{
    "model": "socialaccount.socialapp",
    "pk": 2,
    "fields": {
        "provider": "google",
        "name": "Google Login",
        "client_id": "264625408277-dcb5c4t4na2man5vo75se0hg1jkicvu7.apps.googleusercontent.com",
        "secret": "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",
        "key": "",
        "sites": [
            [
                "localhost:8000"
            ]
        ]
    }
},
{
    "model": "socialaccount.socialaccount",
    "pk": 1,
    "fields": {
        "user": [
            "adarsh"
        ],
        "provider": "facebook",
        "uid": "2443506402450155",
        "last_login": "2022-04-28T20:10:14.476",
        "date_joined": "2022-03-26T13:11:51.748",
        "extra_data": "{\"id\": \"2443506402450155\", \"name\": \"Adarsh Prakash\", \"first_name\": \"Adarsh\", \"last_name\": \"Prakash\"}"
    }
},
{
    "model": "socialaccount.socialaccount",
    "pk": 2,
    "fields": {
        "user": [
            "adarsh6"
        ],
        "provider": "google",
        "uid": "100757079507106282552",
        "last_login": "2022-04-28T20:10:58.088",
        "date_joined": "2022-04-12T01:16:19.613",
        "extra_data": "{\"id\": \"100757079507106282552\", \"name\": \"Adarsh prakash\", \"given_name\": \"Adarsh\", \"family_name\": \"prakash\", \"picture\": \"https://lh3.googleusercontent.com/a-/AOh14GiFFpObiRvragxAb9Hu1-8lAAIlf1x6yyf9IOMa=s96-c\", \"locale\": \"en\"}"
    }
},
{
    "model": "socialaccount.socialaccount",
    "pk": 3,
    "fields": {
        "user": [
            "adarsh4"
        ],
        "provider": "google",
        "uid": "116302007996977665600",
        "last_login": "2022-04-23T15:39:26.052",
        "date_joined": "2022-04-20T00:31:59.164",
        "extra_data": "{\"id\": \"116302007996977665600\", \"name\": \"adarsh prakash\", \"given_name\": \"adarsh\", \"family_name\": \"prakash\", \"picture\": \"https://lh3.googleusercontent.com/a-/AOh14Gin_5ZW9lss2aWH1_EAVoYFSt8QtphG9qxfAGYCUg=s96-c\", \"locale\": \"en\"}"
    }
},
{
    "model": "socialaccount.socialaccount",
    "pk": 4,
    "fields": {
        "user": [
            "adarsh_p_prakash"
        ],
        "provider": "google",
        "uid": "116278652198897363363",
        "last_login": "2022-04-23T15:39:46.090",
        "date_joined": "2022-04-23T15:39:46.090",
        "extra_data": "{\"id\": \"116278652198897363363\", \"name\": \"ADARSH P PRAKASH 19pmc101\", \"given_name\": \"ADARSH P PRAKASH\", \"family_name\": \"19pmc101\", \"picture\": \"https://lh3.googleusercontent.com/a/AATXAJzA7ewHJxOVDQ0Yl7pK_u_anVMnAot1OKSyUbvb=s96-c\", \"locale\": \"en\"}"
    }
},
{
    "model": "socialaccount.socialtoken",
    "pk": 1,
    "fields": {
        "app": 1,
        "account": 1,
        "token": "EAATJTwDBT1gBALRnGcT85tCdzgZBLah4rarixaVb0H5Kwiq18ClIBYHz2LZAd22tmqaxIS25h5ro2gU0VXZCjPZBhZAZBZAn2no5BdZBLljZCapbZBLSnYokQwVHhfeLr2PfncePxZCyI4umcZC4MaejsPYLjKi5NYeGTftFaDP8B1JSUf0OQmh7GEfoZCW8seS1GH88S4GGMMAPKZCylxE9wHaGIIG1yihOD3pS0taWEsZAaAttwZDZD",
        "token_secret": "",
        "expires_at": "2022-06-27T20:10:10.652"
    }
},
{
    "model": "socialaccount.socialtoken",
    "pk": 2,
    "fields": {
        "app": 2,
        "account": 2,
        "token": "ya29.A0ARrdaM9VjvCj6qqyXNbfP33GZHnMD3rxi9cmPsSljHlFXah0lgvp3UKyoGgfxfwTnSjPOJ-JE9FRb-iiENKaN6S0E3-9SlZ_A4-ax32cSZseZ0rpfHDIB1U3wBLNYBG-v5BaXYnG6GU7NyhyYrlkmoFlVGrK",
        "token_secret": "",
        "expires_at": "2022-04-28T21:10:56.872"
    }
},
{
    "model": "socialaccount.socialtoken",
    "pk": 3,
    "fields": {
        "app": 2,
        "account": 3,
        "token": "ya29.A0ARrdaM86dccSx_LgizVCjJpduivkXfLYiqR6YPX08__0W6vc_dslpSAaFnsbpegAD90cBnBqTIrrkUuRSfa-i7BPx4Sn6RLI3Q6yuO6xmpyz7MCVAES5T6tQDBtFttFJ9lg8SggTtU8hp4faBimu0WQX_i50",
        "token_secret": "",
        "expires_at": "2022-04-23T16:39:24.460"
    }
},
{
    "model": "socialaccount.socialtoken",
    "pk": 4,
    "fields": {
        "app": 2,
        "account": 4,
        "token": "ya29.A0ARrdaM9XAktLU2wE_PLik2Wn3Y_8rKl2uTPmJCJxV7lAhU8qfLyCpsaucU3kGxZxY0e-FaLpA5LN9r_4Bczv1iHWzdDDS4_uNJk05quHAjrWCBe2BTi2BgfPPLvXndsw5_ajd9zA0qR9kFkvWHBRBZQZWwHH",
        "token_secret": "",
        "expires_at": "2022-04-23T16:39:44.546"
    }
},
{
    "model": "admin.logentry",
    "pk": 1,
    "fields": {
        "action_time": "2022-02-12T06:47:14.887",
        "user": [
            "djangoadmin"
        ],
        "content_type": [
            "auth",
            "user"
        ],
        "object_id": "1",
        "object_repr": "djangoadmin",
        "action_flag": 2,
        "change_message": "[{\"changed\": {\"fields\": [\"First name\", \"Last name\"]}}]"
    }
},
{
    "model": "admin.logentry",
    "pk": 2,
    "fields": {
        "action_time": "2022-02-12T07:24:13.944",
        "user": [
            "djangoadmin"
        ],
        "content_type": [
            "pages",
            "team"
        ],
        "object_id": "1",
        "object_repr": "Team object (1)",
        "action_flag": 1,
        "change_message": "[{\"added\": {}}]"
    }
},
{
    "model": "admin.logentry",
    "pk": 3,
    "fields": {
        "action_time": "2022-02-12T09:40:19.361",
        "user": [
            "djangoadmin"
        ],
        "content_type": [
            "pages",
            "team"
        ],
        "object_id": "1",
        "object_repr": "Thejus",
        "action_flag": 2,
        "change_message": "[{\"changed\": {\"fields\": [\"Photo\"]}}]"
    }
},
{
    "model": "admin.logentry",
    "pk": 4,
    "fields": {
        "action_time": "2022-02-12T09:40:35.733",
        "user": [
            "djangoadmin"
        ],
        "content_type": [
            "pages",
            "team"
        ],
        "object_id": "1",
        "object_repr": "Thejus",
        "action_flag": 2,
        "change_message": "[]"
    }
},
{
    "model": "admin.logentry",
    "pk": 5,
    "fields": {
        "action_time": "2022-02-12T09:44:20.157",
        "user": [
            "djangoadmin"
        ],
        "content_type": [
            "pages",
            "team"
        ],
        "object_id": "1",
        "object_repr": "Thejus",
        "action_flag": 2,
        "change_message": "[{\"changed\": {\"fields\": [\"Designation\"]}}]"
    }
},
{
    "model": "admin.logentry",
    "pk": 6,
    "fields": {
        "action_time": "2022-02-12T09:45:07.468",
        "user": [
            "djangoadmin"
        ],
        "content_type": [
            "pages",
            "team"
        ],
        "object_id": "2",
        "object_repr": "Jithin",
        "action_flag": 1,
        "change_message": "[{\"added\": {}}]"
    }
},
{
    "model": "admin.logentry",
    "pk": 7,
    "fields": {
        "action_time": "2022-02-12T09:45:42.578",
        "user": [
            "djangoadmin"
        ],
        "content_type": [
            "pages",
            "team"
        ],
        "object_id": "3",
        "object_repr": "Midhun",
        "action_flag": 1,
        "change_message": "[{\"added\": {}}]"
    }
},
{
    "model": "admin.logentry",
    "pk": 8,
    "fields": {
        "action_time": "2022-02-12T09:46:45.366",
        "user": [
            "djangoadmin"
        ],
        "content_type": [
            "pages",
            "team"
        ],
        "object_id": "4",
        "object_repr": "Vishal",
        "action_flag": 1,
        "change_message": "[{\"added\": {}}]"
    }
},
{
    "model": "admin.logentry",
    "pk": 9,
    "fields": {
        "action_time": "2022-02-12T09:49:00.863",
        "user": [
            "djangoadmin"
        ],
        "content_type": [
            "pages",
            "team"
        ],
        "object_id": "5",
        "object_repr": "Andrea",
        "action_flag": 1,
        "change_message": "[{\"added\": {}}]"
    }
},
{
    "model": "admin.logentry",
    "pk": 10,
    "fields": {
        "action_time": "2022-02-17T18:25:48.667",
        "user": [
            "djangoadmin"
        ],
        "content_type": [
            "cars",
            "car"
        ],
        "object_id": "1",
        "object_repr": "Car object (1)",
        "action_flag": 1,
        "change_message": "[{\"added\": {}}]"
    }
},
{
    "model": "admin.logentry",
    "pk": 11,
    "fields": {
        "action_time": "2022-02-17T18:31:01.635",
        "user": [
            "djangoadmin"
        ],
        "content_type": [
            "cars",
            "car"
        ],
        "object_id": "1",
        "object_repr": "Car object (1)",
        "action_flag": 2,
        "change_message": "[{\"changed\": {\"fields\": [\"Vin no\"]}}]"
    }
},
{
    "model": "admin.logentry",
    "pk": 12,
    "fields": {
        "action_time": "2022-02-17T18:41:59.828",
        "user": [
            "djangoadmin"
        ],
        "content_type": [
            "cars",
            "car"
        ],
        "object_id": "2",
        "object_repr": "Car object (2)",
        "action_flag": 1,
        "change_message": "[{\"added\": {}}]"
    }
},
{
    "model": "admin.logentry",
    "pk": 13,
    "fields": {
        "action_time": "2022-02-17T18:47:58.341",
        "user": [
            "djangoadmin"
        ],
        "content_type": [
            "cars",
            "car"
        ],
        "object_id": "3",
        "object_repr": "Car object (3)",
        "action_flag": 1,
        "change_message": "[{\"added\": {}}]"
    }
},
{
    "model": "admin.logentry",
    "pk": 14,
    "fields": {
        "action_time": "2022-02-17T18:51:41.338",
        "user": [
            "djangoadmin"
        ],
        "content_type": [
            "cars",
            "car"
        ],
        "object_id": "4",
        "object_repr": "Car object (4)",
        "action_flag": 1,
        "change_message": "[{\"added\": {}}]"
    }
},
{
    "model": "admin.logentry",
    "pk": 15,
    "fields": {
        "action_time": "2022-02-22T00:05:40.451",
        "user": [
            "djangoadmin"
        ],
        "content_type": [
            "cars",
            "car"
        ],
        "object_id": "2",
        "object_repr": "2017 Ford Edge",
        "action_flag": 2,
        "change_message": "[{\"changed\": {\"fields\": [\"Is featured\"]}}]"
    }
},
{
    "model": "admin.logentry",
    "pk": 16,
    "fields": {
        "action_time": "2022-02-22T00:13:19.249",
        "user": [
            "djangoadmin"
        ],
        "content_type": [
            "cars",
            "car"
        ],
        "object_id": "2",
        "object_repr": "2017 Ford Edge",
        "action_flag": 2,
        "change_message": "[{\"changed\": {\"fields\": [\"Is featured\"]}}]"
    }
},
{
    "model": "admin.logentry",
    "pk": 17,
    "fields": {
        "action_time": "2022-02-22T00:14:12.646",
        "user": [
            "djangoadmin"
        ],
        "content_type": [
            "cars",
            "car"
        ],
        "object_id": "2",
        "object_repr": "2017 Ford Edge",
        "action_flag": 2,
        "change_message": "[{\"changed\": {\"fields\": [\"Is featured\"]}}]"
    }
},
{
    "model": "admin.logentry",
    "pk": 18,
    "fields": {
        "action_time": "2022-03-14T21:56:25.692",
        "user": [
            "djangoadmin"
        ],
        "content_type": [
            "cars",
            "car"
        ],
        "object_id": "5",
        "object_repr": "2018 Toyota 4runner",
        "action_flag": 1,
        "change_message": "[{\"added\": {}}]"
    }
},
{
    "model": "admin.logentry",
    "pk": 19,
    "fields": {
        "action_time": "2022-03-14T22:00:57.272",
        "user": [
            "djangoadmin"
        ],
        "content_type": [
            "cars",
            "car"
        ],
        "object_id": "6",
        "object_repr": "2018 Toyota Corola",
        "action_flag": 1,
        "change_message": "[{\"added\": {}}]"
    }
},
{
    "model": "admin.logentry",
    "pk": 52,
    "fields": {
        "action_time": "2022-03-26T12:57:12.724",
        "user": [
            "djangoadmin"
        ],
        "content_type": [
            "socialaccount",
            "socialapp"
        ],
        "object_id": "1",
        "object_repr": "Facebook login",
        "action_flag": 1,
        "change_message": "[{\"added\": {}}]"
    }
},
{
    "model": "admin.logentry",
    "pk": 53,
    "fields": {
        "action_time": "2022-03-26T12:58:24.352",
        "user": [
            "djangoadmin"
        ],
        "content_type": [
            "sites",
            "site"
        ],
        "object_id": "1",
        "object_repr": "localhost:8000",
        "action_flag": 2,
        "change_message": "[{\"changed\": {\"fields\": [\"Domain name\", \"Display name\"]}}]"
    }
},
{
    "model": "admin.logentry",
    "pk": 54,
    "fields": {
        "action_time": "2022-03-27T11:31:03.363",
        "user": [
            "djangoadmin"
        ],
        "content_type": [
            "socialaccount",
            "socialapp"
        ],
        "object_id": "2",
        "object_repr": "Google Login",
        "action_flag": 1,
        "change_message": "[{\"added\": {}}]"
    }
},
{
    "model": "admin.logentry",
    "pk": 55,
    "fields": {
        "action_time": "2022-03-28T15:13:07.777",
        "user": [
            "djangoadmin"
        ],
        "content_type": [
            "contacts",
            "contact"
        ],
        "object_id": "9",
        "object_repr": "iamadarshprakash@gmail.com",
        "action_flag": 2,
        "change_message": "[{\"changed\": {\"fields\": [\"First name\", \"Message\"]}}]"
    }
},
{
    "model": "admin.logentry",
    "pk": 56,
    "fields": {
        "action_time": "2022-03-28T15:35:48.365",
        "user": [
            "djangoadmin"
        ],
        "content_type": [
            "contacts",
            "contact"
        ],
        "object_id": "10",
        "object_repr": "xv@gmail.com",
        "action_flag": 3,
        "change_message": ""
    }
},
{
    "model": "admin.logentry",
    "pk": 57,
    "fields": {
        "action_time": "2022-03-28T15:56:48.004",
        "user": [
            "djangoadmin"
        ],
        "content_type": [
            "contacts",
            "contact"
        ],
        "object_id": "11",
        "object_repr": "iamadarshprakash@gmail.com",
        "action_flag": 2,
        "change_message": "[{\"changed\": {\"fields\": [\"User id\"]}}]"
    }
},
{
    "model": "admin.logentry",
    "pk": 58,
    "fields": {
        "action_time": "2022-03-28T18:46:44.783",
        "user": [
            "djangoadmin"
        ],
        "content_type": [
            "contacts",
            "contact"
        ],
        "object_id": "12",
        "object_repr": "jithin@gmail.com",
        "action_flag": 3,
        "change_message": ""
    }
},
{
    "model": "admin.logentry",
    "pk": 59,
    "fields": {
        "action_time": "2022-03-28T18:46:45.075",
        "user": [
            "djangoadmin"
        ],
        "content_type": [
            "contacts",
            "contact"
        ],
        "object_id": "6",
        "object_repr": "thejus@gmail.com",
        "action_flag": 3,
        "change_message": ""
    }
},
{
    "model": "admin.logentry",
    "pk": 60,
    "fields": {
        "action_time": "2022-03-28T18:46:45.094",
        "user": [
            "djangoadmin"
        ],
        "content_type": [
            "contacts",
            "contact"
        ],
        "object_id": "5",
        "object_repr": "melvin@gmail.com",
        "action_flag": 3,
        "change_message": ""
    }
},
{
    "model": "admin.logentry",
    "pk": 61,
    "fields": {
        "action_time": "2022-03-28T18:46:45.097",
        "user": [
            "djangoadmin"
        ],
        "content_type": [
            "contacts",
            "contact"
        ],
        "object_id": "3",
        "object_repr": "iamadarshprakash@gmail.com",
        "action_flag": 3,
        "change_message": ""
    }
},
{
    "model": "admin.logentry",
    "pk": 62,
    "fields": {
        "action_time": "2022-03-28T18:46:45.100",
        "user": [
            "djangoadmin"
        ],
        "content_type": [
            "contacts",
            "contact"
        ],
        "object_id": "2",
        "object_repr": "iamadarshprakash@gmail.com",
        "action_flag": 3,
        "change_message": ""
    }
},
{
    "model": "admin.logentry",
    "pk": 63,
    "fields": {
        "action_time": "2022-04-10T17:30:42.893",
        "user": [
            "djangoadmin"
        ],
        "content_type": [
            "accessories",
            "accessorie"
        ],
        "object_id": "1",
        "object_repr": "alloy",
        "action_flag": 1,
        "change_message": "[{\"added\": {}}]"
    }
},
{
    "model": "admin.logentry",
    "pk": 64,
    "fields": {
        "action_time": "2022-04-10T19:46:47.570",
        "user": [
            "djangoadmin"
        ],
        "content_type": [
            "accessories",
            "accessorie"
        ],
        "object_id": "1",
        "object_repr": "a",
        "action_flag": 3,
        "change_message": ""
    }
},
{
    "model": "admin.logentry",
    "pk": 65,
    "fields": {
        "action_time": "2022-04-10T19:52:30.263",
        "user": [
            "djangoadmin"
        ],
        "content_type": [
            "accessories",
            "accessorie"
        ],
        "object_id": "2",
        "object_repr": "Alloy",
        "action_flag": 1,
        "change_message": "[{\"added\": {}}]"
    }
},
{
    "model": "admin.logentry",
    "pk": 66,
    "fields": {
        "action_time": "2022-04-10T19:52:44.268",
        "user": [
            "djangoadmin"
        ],
        "content_type": [
            "accessories",
            "accessorie"
        ],
        "object_id": "2",
        "object_repr": "Alloy",
        "action_flag": 2,
        "change_message": "[{\"changed\": {\"fields\": [\"Title\", \"Slug\"]}}]"
    }
},
{
    "model": "admin.logentry",
    "pk": 67,
    "fields": {
        "action_time": "2022-04-10T20:21:41.102",
        "user": [
            "djangoadmin"
        ],
        "content_type": [
            "accessories",
            "accessorie"
        ],
        "object_id": "2",
        "object_repr": "Alloy",
        "action_flag": 2,
        "change_message": "[{\"changed\": {\"fields\": [\"Title\", \"Slug\", \"Description\"]}}]"
    }
},
{
    "model": "admin.logentry",
    "pk": 68,
    "fields": {
        "action_time": "2022-04-10T20:31:15.095",
        "user": [
            "djangoadmin"
        ],
        "content_type": [
            "accessories",
            "accessorie"
        ],
        "object_id": "3",
        "object_repr": "Tail light",
        "action_flag": 1,
        "change_message": "[{\"added\": {}}]"
    }
},
{
    "model": "admin.logentry",
    "pk": 69,
    "fields": {
        "action_time": "2022-04-10T20:32:54.536",
        "user": [
            "djangoadmin"
        ],
        "content_type": [
            "accessories",
            "accessorie"
        ],
        "object_id": "4",
        "object_repr": "Car Sticker",
        "action_flag": 1,
        "change_message": "[{\"added\": {}}]"
    }
},
{
    "model": "admin.logentry",
    "pk": 70,
    "fields": {
        "action_time": "2022-04-10T20:33:57.219",
        "user": [
            "djangoadmin"
        ],
        "content_type": [
            "accessories",
            "accessorie"
        ],
        "object_id": "5",
        "object_repr": "Shock",
        "action_flag": 1,
        "change_message": "[{\"added\": {}}]"
    }
},
{
    "model": "admin.logentry",
    "pk": 71,
    "fields": {
        "action_time": "2022-04-13T12:28:06.088",
        "user": [
            "djangoadmin"
        ],
        "content_type": [
            "accessories",
            "order"
        ],
        "object_id": "2",
        "object_repr": "Tail light",
        "action_flag": 1,
        "change_message": "[{\"added\": {}}]"
    }
},
{
    "model": "admin.logentry",
    "pk": 72,
    "fields": {
        "action_time": "2022-04-15T13:15:39.667",
        "user": [
            "djangoadmin"
        ],
        "content_type": [
            "accessories",
            "accessorie"
        ],
        "object_id": "6",
        "object_repr": "Car display",
        "action_flag": 1,
        "change_message": "[{\"added\": {}}]"
    }
},
{
    "model": "admin.logentry",
    "pk": 73,
    "fields": {
        "action_time": "2022-04-15T13:18:12.930",
        "user": [
            "djangoadmin"
        ],
        "content_type": [
            "accessories",
            "accessorie"
        ],
        "object_id": "7",
        "object_repr": "Car steering",
        "action_flag": 1,
        "change_message": "[{\"added\": {}}]"
    }
},
{
    "model": "admin.logentry",
    "pk": 74,
    "fields": {
        "action_time": "2022-04-15T13:23:33.321",
        "user": [
            "djangoadmin"
        ],
        "content_type": [
            "accessories",
            "accessorie"
        ],
        "object_id": "4",
        "object_repr": "Car Sticker",
        "action_flag": 2,
        "change_message": "[{\"changed\": {\"fields\": [\"Price\", \"Discount price\", \"Slug\", \"Accessories photo\"]}}]"
    }
},
{
    "model": "admin.logentry",
    "pk": 75,
    "fields": {
        "action_time": "2022-04-15T13:23:46.861",
        "user": [
            "djangoadmin"
        ],
        "content_type": [
            "accessories",
            "accessorie"
        ],
        "object_id": "2",
        "object_repr": "Alloy",
        "action_flag": 2,
        "change_message": "[{\"changed\": {\"fields\": [\"Price\", \"Slug\"]}}]"
    }
},
{
    "model": "admin.logentry",
    "pk": 76,
    "fields": {
        "action_time": "2022-04-15T13:23:59.144",
        "user": [
            "djangoadmin"
        ],
        "content_type": [
            "accessories",
            "accessorie"
        ],
        "object_id": "5",
        "object_repr": "Shock",
        "action_flag": 2,
        "change_message": "[{\"changed\": {\"fields\": [\"Price\", \"Slug\"]}}]"
    }
},
{
    "model": "admin.logentry",
    "pk": 77,
    "fields": {
        "action_time": "2022-04-15T13:24:14.750",
        "user": [
            "djangoadmin"
        ],
        "content_type": [
            "accessories",
            "accessorie"
        ],
        "object_id": "3",
        "object_repr": "Tail light",
        "action_flag": 2,
        "change_message": "[{\"changed\": {\"fields\": [\"Price\", \"Discount price\", \"Slug\"]}}]"
    }
},
{
    "model": "admin.logentry",
    "pk": 78,
    "fields": {
        "action_time": "2022-04-15T13:25:18.072",
        "user": [
            "djangoadmin"
        ],
        "content_type": [
            "accessories",
            "accessorie"
        ],
        "object_id": "3",
        "object_repr": "Tail light",
        "action_flag": 2,
        "change_message": "[{\"changed\": {\"fields\": [\"Price\", \"Slug\"]}}]"
    }
},
{
    "model": "admin.logentry",
    "pk": 79,
    "fields": {
        "action_time": "2022-04-20T00:35:30.051",
        "user": [
            "djangoadmin"
        ],
        "content_type": [
            "accessories",
            "order"
        ],
        "object_id": "3",
        "object_repr": "Car display",
        "action_flag": 1,
        "change_message": "[{\"added\": {}}]"
    }
},
{
    "model": "admin.logentry",
    "pk": 80,
    "fields": {
        "action_time": "2022-04-21T12:57:44.511",
        "user": [
            "djangoadmin"
        ],
        "content_type": [
            "accessories",
            "order"
        ],
        "object_id": "4",
        "object_repr": "Alloy",
        "action_flag": 1,
        "change_message": "[{\"added\": {}}]"
    }
},
{
    "model": "admin.logentry",
    "pk": 81,
    "fields": {
        "action_time": "2022-04-23T15:46:41.860",
        "user": [
            "djangoadmin"
        ],
        "content_type": [
            "accessories",
            "accessorie"
        ],
        "object_id": "6",
        "object_repr": "Car display",
        "action_flag": 2,
        "change_message": "[{\"changed\": {\"fields\": [\"Slug\", \"Description\"]}}]"
    }
},
{
    "model": "admin.logentry",
    "pk": 82,
    "fields": {
        "action_time": "2022-04-23T15:48:02.316",
        "user": [
            "djangoadmin"
        ],
        "content_type": [
            "accessories",
            "accessorie"
        ],
        "object_id": "2",
        "object_repr": "Alloy",
        "action_flag": 2,
        "change_message": "[{\"changed\": {\"fields\": [\"Slug\", \"Description\"]}}]"
    }
},
{
    "model": "admin.logentry",
    "pk": 83,
    "fields": {
        "action_time": "2022-04-28T19:55:04.143",
        "user": [
            "djangoadmin"
        ],
        "content_type": [
            "accessories",
            "order"
        ],
        "object_id": "5",
        "object_repr": "Car display",
        "action_flag": 1,
        "change_message": "[{\"added\": {}}]"
    }
},
{
    "model": "admin.logentry",
    "pk": 84,
    "fields": {
        "action_time": "2022-04-28T19:55:14.139",
        "user": [
            "djangoadmin"
        ],
        "content_type": [
            "accessories",
            "order"
        ],
        "object_id": "6",
        "object_repr": "Alloy",
        "action_flag": 1,
        "change_message": "[{\"added\": {}}]"
    }
},
{
    "model": "admin.logentry",
    "pk": 85,
    "fields": {
        "action_time": "2022-04-28T19:55:24.294",
        "user": [
            "djangoadmin"
        ],
        "content_type": [
            "accessories",
            "order"
        ],
        "object_id": "7",
        "object_repr": "Tail light",
        "action_flag": 1,
        "change_message": "[{\"added\": {}}]"
    }
},
{
    "model": "admin.logentry",
    "pk": 86,
    "fields": {
        "action_time": "2022-04-28T19:55:32.899",
        "user": [
            "djangoadmin"
        ],
        "content_type": [
            "accessories",
            "order"
        ],
        "object_id": "8",
        "object_repr": "Shock",
        "action_flag": 1,
        "change_message": "[{\"added\": {}}]"
    }
},
{
    "model": "admin.logentry",
    "pk": 87,
    "fields": {
        "action_time": "2022-04-28T19:56:02.532",
        "user": [
            "djangoadmin"
        ],
        "content_type": [
            "accessories",
            "accessorie"
        ],
        "object_id": "7",
        "object_repr": "Car steering",
        "action_flag": 2,
        "change_message": "[{\"changed\": {\"fields\": [\"Slug\"]}}]"
    }
}
]
